{
  "resourceType" : "CodeSystem",
  "id" : "DogPatientBreed",
  "text" : {
    "status" : "generated",
    "div" : "<div xmlns=\"http://www.w3.org/1999/xhtml\"><p>This  code system <code>https://example.org/fhir/CodeSystem/DogPatientBreed</code> defines the following codes:</p><table class=\"codes\"><tr><td style=\"white-space:nowrap\"><b>Code</b></td><td><b>Display</b></td><td><b>Definition</b></td></tr><tr><td style=\"white-space:nowrap\">labrador<a name=\"DogPatientBreed-labrador\"> </a></td><td>Labrador</td><td>A retriever breed of dog.</td></tr><tr><td style=\"white-space:nowrap\">beagle<a name=\"DogPatientBreed-beagle\"> </a></td><td>Beagle</td><td>A small hound breed of dog.</td></tr><tr><td style=\"white-space:nowrap\">bulldog<a name=\"DogPatientBreed-bulldog\"> </a></td><td>Bulldog</td><td>A muscular, heavy dog with a wrinkled face and a distinctive pushed-in nose.</td></tr><tr><td style=\"white-space:nowrap\">poodle<a name=\"DogPatientBreed-poodle\"> </a></td><td>Poodle</td><td>A breed of dog with a curly coat that is often clipped.</td></tr><tr><td style=\"white-space:nowrap\">husky<a name=\"DogPatientBreed-husky\"> </a></td><td>Husky</td><td>A breed of dog with a thick double coat that can be of various colors.</td></tr><tr><td style=\"white-space:nowrap\">chihuahua<a name=\"DogPatientBreed-chihuahua\"> </a></td><td>Chihuahua</td><td>A small breed of dog.</td></tr><tr><td style=\"white-space:nowrap\">doberman<a name=\"DogPatientBreed-doberman\"> </a></td><td>Doberman</td><td>A breed of dog known for its loyalty and intelligence.</td></tr><tr><td style=\"white-space:nowrap\">shiba<a name=\"DogPatientBreed-shiba\"> </a></td><td>Shiba Inu</td><td>A breed of dog from Japan.</td></tr><tr><td style=\"white-space:nowrap\">shihtzu<a name=\"DogPatientBreed-shihtzu\"> </a></td><td>Shih Tzu</td><td>A breed of dog with a long, flowing coat.</td></tr><tr><td style=\"white-space:nowrap\">other<a name=\"DogPatientBreed-other\"> </a></td><td>Other</td><td>Any other breed not included in the list.</td></tr></table></div>"
  },
  "url" : "https://example.org/fhir/CodeSystem/DogPatientBreed",
  "version" : "0.1.0",
  "name" : "DogPatientBreed",
  "title" : "Dog Patient Breed Code System",
  "status" : "draft",
  "experimental" : true,
  "date" : "2024-03-05T18:24:47-05:00",
  "publisher" : "Example Publisher Team C",
  "contact" : [{
    "name" : "Example Publisher Team C",
    "telecom" : [{
      "system" : "url",
      "value" : "http://example.org/example-publisher"
    }]
  }],
  "description" : "Codes of dog breeds",
  "purpose" : "This FHIR resource type CodeSystem has been created for educational purposes.",
  "content" : "complete",
  "count" : 10,
  "concept" : [{
    "code" : "labrador",
    "display" : "Labrador",
    "definition" : "A retriever breed of dog."
  },
  {
    "code" : "beagle",
    "display" : "Beagle",
    "definition" : "A small hound breed of dog."
  },
  {
    "code" : "bulldog",
    "display" : "Bulldog",
    "definition" : "A muscular, heavy dog with a wrinkled face and a distinctive pushed-in nose."
  },
  {
    "code" : "poodle",
    "display" : "Poodle",
    "definition" : "A breed of dog with a curly coat that is often clipped."
  },
  {
    "code" : "husky",
    "display" : "Husky",
    "definition" : "A breed of dog with a thick double coat that can be of various colors."
  },
  {
    "code" : "chihuahua",
    "display" : "Chihuahua",
    "definition" : "A small breed of dog."
  },
  {
    "code" : "doberman",
    "display" : "Doberman",
    "definition" : "A breed of dog known for its loyalty and intelligence."
  },
  {
    "code" : "shiba",
    "display" : "Shiba Inu",
    "definition" : "A breed of dog from Japan."
  },
  {
    "code" : "shihtzu",
    "display" : "Shih Tzu",
    "definition" : "A breed of dog with a long, flowing coat."
  },
  {
    "code" : "other",
    "display" : "Other",
    "definition" : "Any other breed not included in the list."
  }]
}