<?xml version="1.0" encoding="UTF-8"?>

<ValueSet xmlns="http://hl7.org/fhir">
  <id value="PatientSpecies"/>
  <text>
    <status value="generated"/><div xmlns="http://www.w3.org/1999/xhtml"><ul><li>Include all codes defined in <a href="CodeSystem-PatientSpecies.html"><code>https://example.org/fhir/CodeSystem/PatientSpecies</code></a></li></ul></div>
  </text>
  <url value="https://example.org/fhir/ValueSet/PatientSpecies"/>
  <version value="0.1.0"/>
  <name value="PatientSpecies"/>
  <title value="Patient Species Value Set"/>
  <status value="draft"/>
  <experimental value="true"/>
  <date value="2024-03-05T18:24:47-05:00"/>
  <publisher value="Example Publisher Team C"/>
  <contact>
    <name value="Example Publisher Team C"/>
    <telecom>
      <system value="url"/>
      <value value="http://example.org/example-publisher"/>
    </telecom>
  </contact>
  <description value="Codes of patient species"/>
  <purpose value="This FHIR resource type CodeSystem has been created for educational purposes."/>
  <compose>
    <include>
      <system value="https://example.org/fhir/CodeSystem/PatientSpecies"/>
    </include>
  </compose>
</ValueSet>