{"resourceType":"CodeSystem","id":"PatientGenderStatus","text":{"status":"generated","div":"<div xmlns=\"http://www.w3.org/1999/xhtml\"><p>This  code system <code>https://example.org/fhir/CodeSystem/PatientGenderStatus</code> defines the following codes:</p><table class=\"codes\"><tr><td style=\"white-space:nowrap\"><b>Code</b></td><td><b>Display</b></td><td><b>Definition</b></td></tr><tr><td style=\"white-space:nowrap\">neutered<a name=\"PatientGenderStatus-neutered\"> </a></td><td>Neutered</td><td>The animal has been sterilized, castrated or otherwise made infertile.</td></tr><tr><td style=\"white-space:nowrap\">intact<a name=\"PatientGenderStatus-intact\"> </a></td><td>Intact</td><td>The animal's reproductive organs are intact.</td></tr><tr><td style=\"white-space:nowrap\">unknown<a name=\"PatientGenderStatus-unknown\"> </a></td><td>Unknown</td><td>\tUnable to determine whether the animal has been neutered.</td></tr></table></div>"},"url":"https://example.org/fhir/CodeSystem/PatientGenderStatus","version":"0.1.0","name":"PatientGenderStatus","title":"Patient Gender Status Code System","status":"draft","experimental":true,"date":"2024-03-05T18:24:47-05:00","publisher":"Example Publisher Team C","contact":[{"name":"Example Publisher Team C","telecom":[{"system":"url","value":"http://example.org/example-publisher"}]}],"description":"This code system defines the status of a patient's gender.","purpose":"This FHIR resource type CodeSystem has been created for educational purposes.","content":"complete","count":3,"concept":[{"code":"neutered","display":"Neutered","definition":"The animal has been sterilized, castrated or otherwise made infertile."},{"code":"intact","display":"Intact","definition":"The animal's reproductive organs are intact."},{"code":"unknown","display":"Unknown","definition":"\tUnable to determine whether the animal has been neutered."}]}